ID,TypeID,POINT_X,POINT_Y,EVENT_NAME,NodeName,DiversionID,NodeType,WaterDivert,WaterLeft,UpEntrain,UpBarrier,UpOther,UpHab,DnEntrain,DnBarrier,DnHab,DnOther
0,0,783003.9067,2318117.479,,,11,StreamMouth,0,1,1,1,1,1,1,1,1,1
1,0,781343.9067,2318107.479,,,11,StreamMouth,0,1,1,1,1,1,1,1,1,1
2,0,778863.9067,2318087.479,,,11,StreamMouth,0,1,1,1,1,1,1,1,1,1
3,0,779633.9067,2318047.479,,,11,StreamMouth,0,1,1,1,1,1,1,1,1,1
4,0,780903.9067,2317967.479,,,11,StreamMouth,0,1,1,1,1,1,1,1,1,1
5,0,780293.9067,2317787.479,,,11,StreamMouth,0,1,1,1,1,1,1,1,1,1
6,0,784283.9067,2317477.479,,,11,StreamMouth,0,1,1,1,1,1,1,1,1,1
7,0,786593.9067,2317447.479,,,11,StreamMouth,0,1,1,1,1,1,1,1,1,1
9,0,783693.9067,2317277.479,,,11,StreamMouth,0,1,1,1,1,1,1,1,1,1
10,0,785353.9067,2317157.479,,,11,StreamMouth,0,1,1,1,1,1,1,1,1,1
11,0,787193.9067,2316887.479,,,11,StreamMouth,0,1,1,1,1,1,1,1,1,1
12,0,787903.9067,2316637.479,,,11,StreamMouth,0,1,1,1,1,1,1,1,1,1
13,0,788443.9067,2315177.479,,,11,StreamMouth,0,1,1,1,1,1,1,1,1,1
14,0,788783.9067,2315077.479,,,11,StreamMouth,0,1,1,1,1,1,1,1,1,1
15,0,789833.9067,2314457.479,,,11,StreamMouth,0,1,1,1,1,1,1,1,1,1
16,0,789873.9067,2314037.479,,,11,StreamMouth,0,1,1,1,1,1,1,1,1,1
17,0,790173.9067,2313907.479,,,11,StreamMouth,0,1,1,1,1,1,1,1,1,1
18,0,790773.9067,2313537.479,,,11,StreamMouth,0,1,1,1,1,1,1,1,1,1
19,0,790783.9067,2313487.479,,,11,StreamMouth,0,1,1,1,1,1,1,1,1,1
20,0,791733.9067,2312887.479,,,11,StreamMouth,0,1,1,1,1,1,1,1,1,1
21,0,791703.9067,2312377.479,,,11,StreamMouth,0,1,1,1,1,1,1,1,1,1
22,0,792603.9067,2311987.479,,,11,StreamMouth,0,1,1,1,1,1,1,1,1,1
23,0,792863.9067,2311777.479,,,11,StreamMouth,0,1,1,1,1,1,1,1,1,1
24,0,793033.9067,2311607.479,,,11,StreamMouth,0,1,1,1,1,1,1,1,1,1
25,0,793323.9067,2311337.479,,,11,StreamMouth,0,1,1,1,1,1,1,1,1,1
26,0,793583.9067,2311177.479,,,11,StreamMouth,0,1,1,1,1,1,1,1,1,1
27,0,794263.9067,2310787.479,,,11,StreamMouth,0,1,1,1,1,1,1,1,1,1
28,0,793983.9067,2310717.479,,,11,StreamMouth,0,1,1,1,1,1,1,1,1,1
29,0,794793.9067,2309417.479,,,11,StreamMouth,0,1,1,1,1,1,1,1,1,1
30,0,794783.9067,2309257.479,,,11,StreamMouth,0,1,1,1,1,1,1,1,1,1
31,0,795743.9067,2309177.479,,,11,StreamMouth,0,1,1,1,1,1,1,1,1,1
32,0,797163.9067,2309087.479,,,11,StreamMouth,0,1,1,1,1,1,1,1,1,1
33,0,797723.9067,2309067.479,,,11,StreamMouth,0,1,1,1,1,1,1,1,1,1
34,0,798833.9067,2308077.479,,,11,StreamMouth,0,1,1,1,1,1,1,1,1,1
35,0,798873.9067,2307137.479,,,11,StreamMouth,0,1,1,1,1,1,1,1,1,1
36,0,799163.9067,2306747.479,,,11,StreamMouth,0,1,1,1,1,1,1,1,1,1
37,0,799323.9067,2306697.479,,,11,StreamMouth,0,1,1,1,1,1,1,1,1,1
38,0,799923.9067,2306317.479,,,11,StreamMouth,0,1,1,1,1,1,1,1,1,1
39,0,802463.9067,2305757.479,,,11,StreamMouth,0,1,1,1,1,1,1,1,1,1
40,0,800233.9067,2305647.479,,,11,StreamMouth,0,1,1,1,1,1,1,1,1,1
41,0,800253.9067,2305617.479,,,11,StreamMouth,0,1,1,1,1,1,1,1,1,1
42,0,801733.9067,2305507.479,,,11,StreamMouth,0,1,1,1,1,1,1,1,1,1
43,0,800483.9067,2305377.479,,,11,StreamMouth,0,1,1,1,1,1,1,1,1,1
44,0,801133.9067,2305277.479,,,11,StreamMouth,0,1,1,1,1,1,1,1,1,1
45,1,786533.9067,2317287.479,,,12,Sink,0.8,0.2,1,0.5,1,1,0.5,0.5,0.5,1
46,1,785273.9067,2316727.479,,,12,Sink,0.8,0.2,1,0.5,1,1,0.5,0.5,0.5,1
47,1,796883.9067,2309067.479,,,12,Sink,0.8,0.2,1,0.5,1,1,0.5,0.5,0.5,1
48,1,799743.9067,2305977.479,,,12,Sink,0.8,0.2,1,0.5,1,1,0.5,0.5,0.5,1
49,2,802383.9067,2304207.479,,,13,Split,0,2,1,1,1,1,1,1,2,1
50,3,801193.9067,2304157.479,,,14,Spring,0,1,1,1,1,1,1,1,1,1
51,3,800423.9067,2304207.479,,,14,Spring,0,1,1,1,1,1,1,1,1,1
52,2,795973.9067,2306597.479,,,13,Split,0,2,1,1,1,1,1,1,2,1
53,2,796543.9067,2306377.479,,,13,Split,0,2,1,1,1,1,1,1,2,1
54,2,796833.9067,2306157.479,,,13,Split,0,2,1,1,1,1,1,1,2,1
55,4,789194.4179,2313017.613,Intake L-4 from Hoalua Stream,L-4,5,MajorDiversion,0.6,0.4,0.5,0.8,1,1,0.3,1,0.7,1
56,4,790524.4936,2310258.669,Intake W-10 from Oopuola Stream,W-10,9,MajorDiversion,0.6,0.4,0.5,0.8,1,1,0.3,1,0.7,1
57,4,786432.9701,2311876.335,Intake W-21 from West Hoolawa-Nui Stream,W-21,9,MajorDiversion,0.6,0.4,0.5,0.8,1,1,0.3,1,0.7,1
58,4,786601.5371,2311817.074,Intake W-20 from Hoolawa-Nui Stream,W-20,9,MajorDiversion,0.6,0.4,0.5,0.8,1,1,0.3,1,0.7,1
59,4,787146.4885,2311951.232,Intake W-19 from Hoolawa-Liilii Stream,W-19,9,MajorDiversion,0.6,0.4,0.5,0.8,1,1,0.3,1,0.7,1
60,4,791182.0106,2309676.027,Intake W-6 from Kaaiea Stream,W-6,9,MajorDiversion,0.6,0.4,0.5,0.8,1,1,0.3,1,0.7,1
61,4,791214.4527,2309418.163,Intake W-5 from Punaluu Stream,W-5,9,MajorDiversion,0.6,0.4,0.5,0.8,1,1,0.3,1,0.7,1
62,4,790692.2313,2310105.594,Intake W-9 from Oopuola Stream,W-9,9,MajorDiversion,0.6,0.4,0.5,0.8,1,1,0.3,1,0.7,1
63,4,785844.5147,2311948.729,Intake W-22 from Honopou Stream,W-22,9,MajorDiversion,0.6,0.4,0.5,0.8,1,1,0.3,1,0.7,1
64,4,785241.9602,2311995.204,Intake W-23 from Piiloi Stream,W-23,9,MajorDiversion,0.6,0.4,0.5,0.8,1,1,0.3,1,0.7,1
65,4,780585.6956,2312452.618,Intake KH-7 from West Kuiaha Stream,KH-7,4,MajorDiversion,0.6,0.4,0.5,0.8,1,1,0.3,1,0.7,1
66,4,788402.2182,2313347.426,Intake L-7 from Hanehoi Stream,L-7,5,MajorDiversion,0.6,0.4,0.5,0.8,1,1,0.3,1,0.7,1
67,4,791666.6299,2309458.387,Intake W-3 from East Kolea Stream,W-3,9,MajorDiversion,0.6,0.4,0.5,0.8,1,1,0.3,1,0.7,1
68,4,791433.3034,2309647.533,Intake W-4 from West Kolea Stream,W-4,9,MajorDiversion,0.6,0.4,0.5,0.8,1,1,0.3,1,0.7,1
69,4,790142.2826,2312584.964,Kailua Reservoir from Kailua Stream,Kailua Res,10,MajorDiversion,0.6,0.4,0.5,0.8,1,1,0.3,1,0.7,1
70,4,784733.9801,2311498.243,Intake W-24 from Halehaku Stream,W-24,9,MajorDiversion,0.6,0.4,0.5,0.8,1,1,0.3,1,0.7,1
71,4,791962.1909,2309207.591,Intake W-1 from Alo Stream,W-1,9,MajorDiversion,0.6,0.4,0.5,0.8,1,1,0.3,1,0.7,1
72,4,792596.5143,2307888.64,Intake S-8 from Haipuaena Stream,S-8,8,MajorDiversion,0.6,0.4,0.5,0.8,1,1,0.3,1,0.7,1
73,4,792703.4954,2308382.485,Intake S-9 from Puohokamoa Stream,S-9,8,MajorDiversion,0.6,0.4,0.5,0.8,1,1,0.3,1,0.7,1
74,4,792025.8505,2309453.952,Intake S-10 from Waikamoi Stream,S-10,8,MajorDiversion,0.6,0.4,0.5,0.8,1,1,0.3,1,0.7,1
75,4,790561.6686,2311761.228,Papaaea Reservoir from Nailiilihaele Stream,Papaaea Res,10,MajorDiversion,0.6,0.4,0.5,0.8,1,1,0.3,1,0.7,1
76,4,779256.7398,2316099.995,Intake H-17 from Pauwela Gulch,H-17,2,MajorDiversion,0.6,0.4,0.5,0.8,1,1,0.3,1,0.7,1
77,4,789934.8951,2310455.531,Intake W-13 from Nailiilihaele Stream,W-13,9,MajorDiversion,0.6,0.4,0.5,0.8,1,1,0.3,1,0.7,1
78,4,789716.4555,2310413.326,Intake W-14 from Nailiilihaele Stream,W-14,9,MajorDiversion,0.6,0.4,0.5,0.8,1,1,0.3,1,0.7,1
79,4,783483.5788,2315858.426,Intake H-12 from Uaoa Stream,H-12,2,MajorDiversion,0.6,0.4,0.5,0.8,1,1,0.3,1,0.7,1
80,4,783361.925,2315429.577,Peahi Reservoir from Uaoa Stream,Peahi Res,10,MajorDiversion,0.6,0.4,0.5,0.8,1,1,0.3,1,0.7,1
81,4,790796.332,2310005.14,Intake W-8 from Oopuola Stream,W-8,9,MajorDiversion,0.6,0.4,0.5,0.8,1,1,0.3,1,0.7,1
82,4,784425.5924,2316058.965,Intake H-11 from Kealii Stream,H-11,2,MajorDiversion,0.6,0.4,0.5,0.8,1,1,0.3,1,0.7,1
83,4,791023.8281,2309757.458,Intake W-7 from Makanali Stream,W-7,9,MajorDiversion,0.6,0.4,0.5,0.8,1,1,0.3,1,0.7,1
84,4,780103.6206,2316087.719,Intake H-16 from East Kuiaha Stream,H-16,2,MajorDiversion,0.6,0.4,0.5,0.8,1,1,0.3,1,0.7,1
85,4,778943.475,2316298.917,Intake H-18 Lilikoi Gulch,H-18,2,MajorDiversion,0.6,0.4,0.5,0.8,1,1,0.3,1,0.7,1
86,4,789623.3632,2312900.302,Intake L-3 from Hanauana Stream,L-3,5,MajorDiversion,0.6,0.4,0.5,0.8,1,1,0.3,1,0.7,1
87,4,784342.4935,2314825.216,Intake H-10 from Halahaku Stream,H-10,2,MajorDiversion,0.6,0.4,0.5,0.8,1,1,0.3,1,0.7,1
88,4,790324.0866,2310377.691,Intake W-11 from Nailiilihaele Stream,W-11,9,MajorDiversion,0.6,0.4,0.5,0.8,1,1,0.3,1,0.7,1
89,4,789026.2891,2310809.51,Intake W-16 from Ohanui Stream,W-16,9,MajorDiversion,0.6,0.4,0.5,0.8,1,1,0.3,1,0.7,1
90,4,785326.4963,2315675.509,Intake H-9 from Kapalaalaea Stream,H-9,2,MajorDiversion,0.6,0.4,0.5,0.8,1,1,0.3,1,0.7,1
91,4,785164.089,2314754.561,Kapalaalaea Reservoir from Piiloi Stream,Kapalaalaea Res,10,MajorDiversion,0.6,0.4,0.5,0.8,1,1,0.3,1,0.7,1
92,4,789125.3559,2310736.493,Intake W-15 from Kailua Stream,W-15,9,MajorDiversion,0.6,0.4,0.5,0.8,1,1,0.3,1,0.7,1
93,4,788544.5434,2311206.135,Intake W-17 from Hoalua Stream,W-17,9,MajorDiversion,0.6,0.4,0.5,0.8,1,1,0.3,1,0.7,1
94,4,790262.9364,2312086.158,Intake L-1 from Nailiilihaele Stream,L-1,5,MajorDiversion,0.6,0.4,0.5,0.8,1,1,0.3,1,0.7,1
95,4,789941.7348,2312373.634,Intake L-2 from Kailua Stream,L-2,5,MajorDiversion,0.6,0.4,0.5,0.8,1,1,0.3,1,0.7,1
96,4,786414.812,2315160.271,Intake H-8 from Honopou Stream,H-8,2,MajorDiversion,0.6,0.4,0.5,0.8,1,1,0.3,1,0.7,1
97,4,790134.117,2310447.923,Intake W-12 from Nailiilihaele Stream,W-12,9,MajorDiversion,0.6,0.4,0.5,0.8,1,1,0.3,1,0.7,1
98,4,788031.6938,2311746.743,Intake W-18 from Hanehoi Stream,W-18,9,MajorDiversion,0.6,0.4,0.5,0.8,1,1,0.3,1,0.7,1
99,4,778522.0703,2315138.971,Pauwela Reservoir from Lilikoi Gulch,Pauwela Res,10,MajorDiversion,0.6,0.4,0.5,0.8,1,1,0.3,1,0.7,1
100,4,793413.5314,2309317.815,Intake ML-3 from Puohokamoa Stream,ML-3,6,MajorDiversion,0.6,0.4,0.5,0.8,1,1,0.3,1,0.7,1
101,4,791826.1433,2311224.043,Intake C-5 from Kaaiea Stream,C-5,1,MajorDiversion,0.6,0.4,0.5,0.8,1,1,0.3,1,0.7,1
102,4,791154.6217,2311492.894,Intake C-8 from West Oopuola Stream,C-8,1,MajorDiversion,0.6,0.4,0.5,0.8,1,1,0.3,1,0.7,1
103,4,791284.6324,2311109.423,Intake C-7 from Oopuola Stream,C-7,1,MajorDiversion,0.6,0.4,0.5,0.8,1,1,0.3,1,0.7,1
104,4,782484.1044,2316576.601,Intake H-14 from West Manawai Stream,H-14,2,MajorDiversion,0.6,0.4,0.5,0.8,1,1,0.3,1,0.7,1
105,4,784526.3651,2314177.959,Intake L-21 from Waihee Stream,L-21,5,MajorDiversion,0.6,0.4,0.5,0.8,1,1,0.3,1,0.7,1
106,4,791726.4362,2311298.763,Intake C-6 from Makanali Stream,C-6,1,MajorDiversion,0.6,0.4,0.5,0.8,1,1,0.3,1,0.7,1
107,4,790905.9643,2311608.492,Intake C-9 from Puehu Stream,C-9,1,MajorDiversion,0.6,0.4,0.5,0.8,1,1,0.3,1,0.7,1
108,4,787272.4865,2311980.245,Intake NH-18 from Waipio Stream,NH-18,7,MajorDiversion,0.6,0.4,0.5,0.8,1,1,0.3,1,0.7,1
109,4,793202.4605,2309465.144,Intake ML-4 from West Puohokamoa Stream,ML-4,6,MajorDiversion,0.6,0.4,0.5,0.8,1,1,0.3,1,0.7,1
110,4,792363.5195,2310596.993,Intake C-3 from Kolea Stream,C-3,1,MajorDiversion,0.6,0.4,0.5,0.8,1,1,0.3,1,0.7,1
111,4,793374.2252,2307929.203,Intake K-32 at Kolea Stream,K-32,3,MajorDiversion,0.6,0.4,0.5,0.8,1,1,0.3,1,0.7,1
112,4,792634.1937,2310007.829,Intake ML-5 from Waihanepee Stream,ML-5,6,MajorDiversion,0.6,0.4,0.5,0.8,1,1,0.3,1,0.7,1
113,4,793623.8552,2308609.681,Intake ML-1 from Punaluu Stream,ML-1,6,MajorDiversion,0.6,0.4,0.5,0.8,1,1,0.3,1,0.7,1
114,4,791987.8564,2309267.5,Intake NH-1 from Alo Stream,NH-1,7,MajorDiversion,0.6,0.4,0.5,0.8,1,1,0.3,1,0.7,1
115,4,791494.202,2309678.855,Intake NH-3 from West Kolea Stream,NH-3,7,MajorDiversion,0.6,0.4,0.5,0.8,1,1,0.3,1,0.7,1
116,4,791683.0942,2309490.331,Intake NH-2 from East Kolea Stream,NH-2,7,MajorDiversion,0.6,0.4,0.5,0.8,1,1,0.3,1,0.7,1
117,4,786024.0153,2314570.113,Intake L-17 from Honopou Stream,L-17,5,MajorDiversion,0.6,0.4,0.5,0.8,1,1,0.3,1,0.7,1
118,4,785784.7492,2315076.607,Intake L-18 from East Kapalaalea Stream,L-18,5,MajorDiversion,0.6,0.4,0.5,0.8,1,1,0.3,1,0.7,1
119,4,793545.666,2309133.861,Intake ML-2 from Haipuaena Stream,ML-2,6,MajorDiversion,0.6,0.4,0.5,0.8,1,1,0.3,1,0.7,1
120,4,787762.8925,2314665.504,Intake H-6 from Mokupapa Stream,H-6,2,MajorDiversion,0.6,0.4,0.5,0.8,1,1,0.3,1,0.7,1
121,4,786992.1702,2314992.238,Intake H-7 from Hoolawa Stream,H-7,2,MajorDiversion,0.6,0.4,0.5,0.8,1,1,0.3,1,0.7,1
122,4,788186.0569,2314302.195,Intake H-5 from Waipio Stream,H-5,2,MajorDiversion,0.6,0.4,0.5,0.8,1,1,0.3,1,0.7,1
123,4,788774.624,2313745.776,Intake H-3 from East Hanehoi Stream,H-3,2,MajorDiversion,0.6,0.4,0.5,0.8,1,1,0.3,1,0.7,1
124,4,784813.1528,2314668.127,Intake L-20 from East Halehaku Stream,L-20,5,MajorDiversion,0.6,0.4,0.5,0.8,1,1,0.3,1,0.7,1
125,4,785201.4508,2314584.18,Intake L-19 from Kapalaalea Stream,L-19,5,MajorDiversion,0.6,0.4,0.5,0.8,1,1,0.3,1,0.7,1
126,4,784165.566,2314170.616,Intake L-22 from Opana Stream,L-22,5,MajorDiversion,0.6,0.4,0.5,0.8,1,1,0.3,1,0.7,1
127,4,783624.2922,2315208.567,Intake L-23 from Uaoa Stream,L-23,5,MajorDiversion,0.6,0.4,0.5,0.8,1,1,0.3,1,0.7,1
128,4,792142.8913,2311175.552,Intake C-4 from Punaluu Stream,C-4,1,MajorDiversion,0.6,0.4,0.5,0.8,1,1,0.3,1,0.7,1
129,4,779013.9954,2314558.705,Intake L-27 from Lilikoi Stream,L-27,5,MajorDiversion,0.6,0.4,0.5,0.8,1,1,0.3,1,0.7,1
130,4,792355.9435,2310588.02,Intake C-2 from Kolea Stream,C-2,1,MajorDiversion,0.6,0.4,0.5,0.8,1,1,0.3,1,0.7,1
131,4,788603.7613,2313938.581,Intake H-4 from Huelo Stream,H-4,2,MajorDiversion,0.6,0.4,0.5,0.8,1,1,0.3,1,0.7,1
132,4,792444.2639,2310353.224,Intake C-1 from Waikamoi Stream,C-1,1,MajorDiversion,0.6,0.4,0.5,0.8,1,1,0.3,1,0.7,1
133,4,782814.3253,2316618.738,Intake H-13 from East Manawai Stream,H-13,2,MajorDiversion,0.6,0.4,0.5,0.8,1,1,0.3,1,0.7,1
134,4,789436.779,2313550.17,Intake H-2 from Hoalua Stream,H-2,2,MajorDiversion,0.6,0.4,0.5,0.8,1,1,0.3,1,0.7,1
135,4,792406.1635,2310467.392,Kolea Reservoir from Kolea Stream,Kolea Res,10,MajorDiversion,0.6,0.4,0.5,0.8,1,1,0.3,1,0.7,1
136,4,791554.2813,2310458.914,Intake S-11 from Kaaiea Stream,S-11,8,MajorDiversion,0.6,0.4,0.5,0.8,1,1,0.3,1,0.7,1
137,4,779771.7052,2314509.471,Intake L-26 from West Kuiaha Stream,L-26,5,MajorDiversion,0.6,0.4,0.5,0.8,1,1,0.3,1,0.7,1
138,4,786615.1649,2311889.589,Intake NH-19 from Hoolawa-Nui Stream,NH-19,7,MajorDiversion,0.6,0.4,0.5,0.8,1,1,0.3,1,0.7,1
139,4,791743.8868,2309065.442,Intake W-2 from Waikamoi Stream,W-2,9,MajorDiversion,0.6,0.4,0.5,0.8,1,1,0.3,1,0.7,1
140,4,786713.9979,2313813.625,Intake L-13 from Hoolawa-Nui Stream,L-13,5,MajorDiversion,0.6,0.4,0.5,0.8,1,1,0.3,1,0.7,1
141,4,786679.1649,2314026.899,Intake L-14 from West Hoolawa-Nui Stream,L-14,5,MajorDiversion,0.6,0.4,0.5,0.8,1,1,0.3,1,0.7,1
142,4,787663.1349,2313687.143,Intake L-9 from West Waipio Stream,L-9,5,MajorDiversion,0.6,0.4,0.5,0.8,1,1,0.3,1,0.7,1
143,4,787913.8886,2313769.516,Intake L-8 from Waipio Stream,L-8,5,MajorDiversion,0.6,0.4,0.5,0.8,1,1,0.3,1,0.7,1
144,4,788863.4379,2313047.988,Intake L-5 from Hanehoi Stream,L-5,5,MajorDiversion,0.6,0.4,0.5,0.8,1,1,0.3,1,0.7,1
145,4,779444.6414,2312667.167,Intake KH-8 from Lilikoi Stream,KH-8,4,MajorDiversion,0.6,0.4,0.5,0.8,1,1,0.3,1,0.7,1
146,4,788471.7837,2313272.397,Intake L-6 from Hanehoi Stream,L-6,5,MajorDiversion,0.6,0.4,0.5,0.8,1,1,0.3,1,0.7,1
147,4,786935.2183,2313927.909,Intake L-12 from Hoolawa-Liilii Stream,L-12,5,MajorDiversion,0.6,0.4,0.5,0.8,1,1,0.3,1,0.7,1
148,4,786427.5382,2311937.157,Intake NH-20 from West Hoolawa-Nui Stream,NH-20,7,MajorDiversion,0.6,0.4,0.5,0.8,1,1,0.3,1,0.7,1
149,4,788515.0667,2311320.082,Intake NH-16 from Hoalua Stream,NH-16,7,MajorDiversion,0.6,0.4,0.5,0.8,1,1,0.3,1,0.7,1
150,4,785605.4725,2312144.558,Intake NH-23 from East Honopou Stream,NH-23,7,MajorDiversion,0.6,0.4,0.5,0.8,1,1,0.3,1,0.7,1
151,4,785866.2344,2312028.36,Intake NH-22 from Honopou Stream,NH-22,7,MajorDiversion,0.6,0.4,0.5,0.8,1,1,0.3,1,0.7,1
152,4,784645.4874,2311650.214,Intake NH-28 from Halehaku Stream,NH-28,7,MajorDiversion,0.6,0.4,0.5,0.8,1,1,0.3,1,0.7,1
153,4,784595.2046,2312157.263,Intake NH-27 from Makaa Stream,NH-27,7,MajorDiversion,0.6,0.4,0.5,0.8,1,1,0.3,1,0.7,1
154,4,790183.0064,2312655.61,Intake H-1 from Kailua Stream,H-1,2,MajorDiversion,0.6,0.4,0.5,0.8,1,1,0.3,1,0.7,1
155,4,784741.2276,2312246.573,Intake NH-26 from Kaulu Stream,NH-26,7,MajorDiversion,0.6,0.4,0.5,0.8,1,1,0.3,1,0.7,1
156,4,785145.3425,2312106.029,Intake NH-25 from West Piiloi Stream,NH-25,7,MajorDiversion,0.6,0.4,0.5,0.8,1,1,0.3,1,0.7,1
157,4,780867.3077,2316354.703,Intake H-15 from Kaupakalua Stream,H-15,2,MajorDiversion,0.6,0.4,0.5,0.8,1,1,0.3,1,0.7,1
158,4,786506.4407,2312086.73,Intake NH-21 from West Hoolawa-Nui Stream,NH-21,7,MajorDiversion,0.6,0.4,0.5,0.8,1,1,0.3,1,0.7,1
159,4,789885.5366,2311086.105,Intake NH-13 from Nailiilihaele,NH-13,7,MajorDiversion,0.6,0.4,0.5,0.8,1,1,0.3,1,0.7,1
160,4,785226.2627,2312058.349,Intake NH-24 from Piiloi Stream,NH-24,7,MajorDiversion,0.6,0.4,0.5,0.8,1,1,0.3,1,0.7,1
161,4,786155.0384,2314598.812,Intake L-16 from East Honopou Stream,L-16,5,MajorDiversion,0.6,0.4,0.5,0.8,1,1,0.3,1,0.7,1
162,4,781460.6509,2315089.294,Intake L-25 from Kaupakulua Stream,L-25,5,MajorDiversion,0.6,0.4,0.5,0.8,1,1,0.3,1,0.7,1
163,4,781284.6827,2314608.309,Kaupakulua Reservoir from Opaepilau Gulch,Kaupakulua Res,10,MajorDiversion,0.6,0.4,0.5,0.8,1,1,0.3,1,0.7,1
164,4,790596.7244,2310329.57,Intake NH-8 from Oopuola Stream,NH-8,7,MajorDiversion,0.6,0.4,0.5,0.8,1,1,0.3,1,0.7,1
165,4,790674.0663,2310238.176,Intake NH-7 from Oopuola Stream,NH-7,7,MajorDiversion,0.6,0.4,0.5,0.8,1,1,0.3,1,0.7,1
166,4,790743.3289,2310158.138,Intake NH-6 from Oopuola Stream,NH-6,7,MajorDiversion,0.6,0.4,0.5,0.8,1,1,0.3,1,0.7,1
167,4,791043.3027,2310160.748,Intake NH-5 fr Oopuola Stream,NH-5,7,MajorDiversion,0.6,0.4,0.5,0.8,1,1,0.3,1,0.7,1
168,4,788055.1433,2311815.405,Intake NH-17 from Hanehoi Stream,NH-17,7,MajorDiversion,0.6,0.4,0.5,0.8,1,1,0.3,1,0.7,1
169,4,781702.3503,2315073.881,Intake L-24 from Manawaiiao Stream,L-24,5,MajorDiversion,0.6,0.4,0.5,0.8,1,1,0.3,1,0.7,1
170,4,786424.214,2314561.857,Intake L-15 from East Honopou Stream,L-15,5,MajorDiversion,0.6,0.4,0.5,0.8,1,1,0.3,1,0.7,1
171,4,789715.0994,2310463.958,Intake NH-12 from Nailiilihaele Stream,NH-12,7,MajorDiversion,0.6,0.4,0.5,0.8,1,1,0.3,1,0.7,1
172,4,789984.7295,2310575.996,Intake NH-11 from Nailiilihaele Stream,NH-11,7,MajorDiversion,0.6,0.4,0.5,0.8,1,1,0.3,1,0.7,1
173,4,790204.3604,2310549.77,Intake NH-10 from Nailiilihaele Stream,NH-10,7,MajorDiversion,0.6,0.4,0.5,0.8,1,1,0.3,1,0.7,1
174,4,787423.0343,2313947.911,Intake L-10 from East Mokupapa Stream,L-10,5,MajorDiversion,0.6,0.4,0.5,0.8,1,1,0.3,1,0.7,1
175,4,787214.597,2314021.404,Intake L-11 from West Mokupapa Stream,L-11,5,MajorDiversion,0.6,0.4,0.5,0.8,1,1,0.3,1,0.7,1
176,4,790473.3989,2310585.683,Intake NH-9 from Nailiilihaele Stream,NH-9,7,MajorDiversion,0.6,0.4,0.5,0.8,1,1,0.3,1,0.7,1
177,4,789079.8945,2310888.369,Intake NH-14 from Ohanui Stream,NH-14,7,MajorDiversion,0.6,0.4,0.5,0.8,1,1,0.3,1,0.7,1
178,4,788883.6246,2311349.101,Intake NH-15 from Hanauana Stream,NH-15,7,MajorDiversion,0.6,0.4,0.5,0.8,1,1,0.3,1,0.7,1
179,4,791143.9614,2310026.374,Intake NH-4 from Makanali Stream,NH-4,7,MajorDiversion,0.6,0.4,0.5,0.8,1,1,0.3,1,0.7,1
180,4,798942.9807,2304435.93,Intake K-14 from East Kopiliula Stream,K-14,3,MajorDiversion,0.6,0.4,0.5,0.8,1,1,0.3,1,0.7,1
181,4,792925.369,2306125.386,Intake S-4 from Honomanu Stream,S-4,8,MajorDiversion,0.6,0.4,0.5,0.8,1,1,0.3,1,0.7,1
182,4,799231.7306,2304415.409,Intake K-12 from Waiohue Stream,K-12,3,MajorDiversion,0.6,0.4,0.5,0.8,1,1,0.3,1,0.7,1
183,4,799133.9883,2304421.786,Intake K-13 from Waiohue Stream,K-13,3,MajorDiversion,0.6,0.4,0.5,0.8,1,1,0.3,1,0.7,1
184,4,799793.5099,2304155.086,Intake K-10 from Paakea Stream,K-10,3,MajorDiversion,0.6,0.4,0.5,0.8,1,1,0.3,1,0.7,1
185,4,799652.1089,2304225.281,Intake K-11 from Puakea Stream,K-11,3,MajorDiversion,0.6,0.4,0.5,0.8,1,1,0.3,1,0.7,1
186,4,800147.5122,2303930.441,Intake K-8 from Unnamed stream,K-8,3,MajorDiversion,0.6,0.4,0.5,0.8,1,1,0.3,1,0.7,1
187,4,799983.019,2303467.441,Intake K-6 from Kapaula Stream,K-6,3,MajorDiversion,0.6,0.4,0.5,0.8,1,1,0.3,1,0.7,1
188,4,800265.0181,2303727.735,Intake K-7 from Kapaula Stream,K-7,3,MajorDiversion,0.6,0.4,0.5,0.8,1,1,0.3,1,0.7,1
189,4,781563.1243,2312677.272,Intake KH-5 from West Kaupakulua Stream,KH-5,4,MajorDiversion,0.6,0.4,0.5,0.8,1,1,0.3,1,0.7,1
190,4,797981.2475,2304464.094,Intake K-16 from East Wailua-Iki Stream,K-16,3,MajorDiversion,0.6,0.4,0.5,0.8,1,1,0.3,1,0.7,1
191,4,798303.6454,2304491.119,Intake K-15 from West Kopiliula Stream,K-15,3,MajorDiversion,0.6,0.4,0.5,0.8,1,1,0.3,1,0.7,1
192,4,800783.3056,2303378.29,Intake K-2 from Hanawi Stream,K-2,3,MajorDiversion,0.6,0.4,0.5,0.8,1,1,0.3,1,0.7,1
193,4,800684.1704,2303454.534,Intake K-3 from Hanawi Stream,K-32,3,MajorDiversion,0.6,0.4,0.5,0.8,1,1,0.3,1,0.7,1
194,4,800504.1797,2303515.377,Intake K-4 from Hanawi Stream,K-4,3,MajorDiversion,0.6,0.4,0.5,0.8,1,1,0.3,1,0.7,1
195,4,800433.0142,2303817.142,Intake K-5 from Kapaula Stream,K-5,3,MajorDiversion,0.6,0.4,0.5,0.8,1,1,0.3,1,0.7,1
196,4,801473.0982,2302908.61,Intake K-1 from Makapipi Stream,K-1,3,MajorDiversion,0.6,0.4,0.5,0.8,1,1,0.3,1,0.7,1
197,4,792847.2424,2307397.856,Intake S-7 from Kolea Stream,S-7,8,MajorDiversion,0.6,0.4,0.5,0.8,1,1,0.3,1,0.7,1
198,4,793065.6,2306131.174,Intake S-3 from Honomanu Stream,S-3,8,MajorDiversion,0.6,0.4,0.5,0.8,1,1,0.3,1,0.7,1
199,4,793002.4602,2306337.21,Intake S-5 from Honomanu Stream,S-5,8,MajorDiversion,0.6,0.4,0.5,0.8,1,1,0.3,1,0.7,1
200,4,793453.3634,2306160.31,Intake S-2 from Honomanu Stream,S-2,8,MajorDiversion,0.6,0.4,0.5,0.8,1,1,0.3,1,0.7,1
201,4,792760.2216,2308414.502,Intake K-33 from Puohokamoa Stream,K-33,3,MajorDiversion,0.6,0.4,0.5,0.8,1,1,0.3,1,0.7,1
202,4,790293.3143,2312224.283,Intake S-15 from Nailiilihaele Stream,S-15,8,MajorDiversion,0.6,0.4,0.5,0.8,1,1,0.3,1,0.7,1
203,4,791386.9439,2310737.486,Intake S-12 from Makanali Stream,S-12,8,MajorDiversion,0.6,0.4,0.5,0.8,1,1,0.3,1,0.7,1
204,4,791142.8914,2310845.441,Intake S-13 from Oopuola Stream,S-13,8,MajorDiversion,0.6,0.4,0.5,0.8,1,1,0.3,1,0.7,1
205,4,794515.5578,2304424.945,Intake K-30 from Hauoli Wahine Stream,K-30,3,MajorDiversion,0.6,0.4,0.5,0.8,1,1,0.3,1,0.7,1
206,4,793022.3385,2306905.4,Intake S-6 from Uluini Stream,S-6,8,MajorDiversion,0.6,0.4,0.5,0.8,1,1,0.3,1,0.7,1
207,4,794774.1401,2304346.7,Intake K-29 from Kaauau Stream,K-29,3,MajorDiversion,0.6,0.4,0.5,0.8,1,1,0.3,1,0.7,1
208,4,794935.5604,2304299.114,Intake K-28 from Lalapipi Stream,K-28,3,MajorDiversion,0.6,0.4,0.5,0.8,1,1,0.3,1,0.7,1
209,4,784476.1928,2312373.593,Intake KH-1 from Makaa Stream,KH-1,4,MajorDiversion,0.6,0.4,0.5,0.8,1,1,0.3,1,0.7,1
210,4,783721.1945,2312079.774,Intake KH-3 from Opana Stream,KH-3,4,MajorDiversion,0.6,0.4,0.5,0.8,1,1,0.3,1,0.7,1
211,4,784244.7289,2312026.878,Intake KH-2 from Halehaku Stream,KH-2,4,MajorDiversion,0.6,0.4,0.5,0.8,1,1,0.3,1,0.7,1
212,4,791004.5208,2311037.458,Intake S-14 from West Oopuola Stream,S-14,8,MajorDiversion,0.6,0.4,0.5,0.8,1,1,0.3,1,0.7,1
213,4,781235.3605,2312714.44,Intake KH-6 from East Kuiaha Stream,KH-6,4,MajorDiversion,0.6,0.4,0.5,0.8,1,1,0.3,1,0.7,1
214,4,795316.2012,2304280.536,Intake K-26 from Kano Stream,K-26,3,MajorDiversion,0.6,0.4,0.5,0.8,1,1,0.3,1,0.7,1
215,4,795075.1125,2304258.195,Intake K-27 from Lalahao Stream,K-27,3,MajorDiversion,0.6,0.4,0.5,0.8,1,1,0.3,1,0.7,1
216,4,795811.4199,2304945.606,Intake K-25 from Waiokamilo Stream,K-25,3,MajorDiversion,0.6,0.4,0.5,0.8,1,1,0.3,1,0.7,1
217,4,797133.5892,2305358.807,Intake K-21 from West Wailua-Nui Stream,K-21,3,MajorDiversion,0.6,0.4,0.5,0.8,1,1,0.3,1,0.7,1
218,4,797438.9346,2305252.294,Intake K-20 from Wailua-Nui Stream,K-20,3,MajorDiversion,0.6,0.4,0.5,0.8,1,1,0.3,1,0.7,1
219,4,782287.0143,2312674.909,Intake KH-4 from Opaepilau Stream,KH-4,4,MajorDiversion,0.6,0.4,0.5,0.8,1,1,0.3,1,0.7,1
220,4,797523.4443,2305132.419,Intake K-19 from East Wailua-Nui Stream,K-19,3,MajorDiversion,0.6,0.4,0.5,0.8,1,1,0.3,1,0.7,1
221,4,793755.7118,2306232.705,Intake S-1 from Nuaailua Stream,S-1,8,MajorDiversion,0.6,0.4,0.5,0.8,1,1,0.3,1,0.7,1
222,4,796794.6949,2305472.719,Intake K-22 from Kualani Stream,K-22,3,MajorDiversion,0.6,0.4,0.5,0.8,1,1,0.3,1,0.7,1
223,4,797677.4076,2304678.876,Intake K-17 from West Wailua-Iki Stream,K-17,3,MajorDiversion,0.6,0.4,0.5,0.8,1,1,0.3,1,0.7,1
224,4,795914.4733,2305344.938,Intake K-24 from Waiokamilo Stream,K-24,3,MajorDiversion,0.6,0.4,0.5,0.8,1,1,0.3,1,0.7,1
225,4,796184.3666,2305371.533,Intake K-23 from Waiokamilo Stream,K-23,3,MajorDiversion,0.6,0.4,0.5,0.8,1,1,0.3,1,0.7,1
226,4,794083.0616,2305726.476,Intake K-31 from Piinaau Stream,K-31,3,MajorDiversion,0.6,0.4,0.5,0.8,1,1,0.3,1,0.7,1
227,4,797599.8573,2304904.502,Intake K-18 from East Wailua-Nui,K-18,3,MajorDiversion,0.6,0.4,0.5,0.8,1,1,0.3,1,0.7,1
228,5,801644.0552,2302674.265,Intake K-1a&1b from Makapipi trib,K-1a,3,MinorDiversion,0.5,0.5,0.3,0.6,1,1,0.3,1,0.7,1
229,5,800872.727,2303739.434,Intake K-4b from Hanawi Stream,K-4b,3,MinorDiversion,0.5,0.5,0.3,0.6,1,1,0.3,1,0.7,1
230,5,800003.1574,2304036.546,Intake K-9 from Waiaaka Stream,K-9,3,MajorDiversion,0.5,0.5,0.3,0.6,1,1,0.3,1,0.7,1
231,5,799581.2529,2304304.568,Intake K-11a from Puakea Stream,K-11a,3,MinorDiversion,0.5,0.5,0.3,0.6,1,1,0.3,1,0.7,1
232,5,799514.4942,2304346.282,Intake K-11b from Puakea Stream,K-11b,3,MinorDiversion,0.5,0.5,0.3,0.6,1,1,0.3,1,0.7,1
233,5,799409.4555,2304395.703,Intake K-12a from Waiohue Stream,K-12a,3,MinorDiversion,0.5,0.5,0.3,0.6,1,1,0.3,1,0.7,1
234,5,799344.7021,2304407.711,Intake K-12b from Waiohue Stream,K-12b,3,MinorDiversion,0.5,0.5,0.3,0.6,1,1,0.3,1,0.7,1
235,5,798895.0621,2304506.461,Intake K-14b from Kopiliula Stream,K-14b,3,MinorDiversion,0.5,0.5,0.3,0.6,1,1,0.3,1,0.7,1
236,5,798745.8431,2304586.103,Intake K-14c from Kopiliula Stream,K-14c,3,MinorDiversion,0.5,0.5,0.3,0.6,1,1,0.3,1,0.7,1
237,5,798532.5399,2304602.81,Intake K-14d from Kopiliula Stream,K-14d,3,MinorDiversion,0.5,0.5,0.3,0.6,1,1,0.3,1,0.7,1
238,5,796892.5834,2305156.904,Intake K-21b from Filipino Ditch,K-21b,3,MinorDiversion,0.5,0.5,0.3,0.6,1,1,0.3,1,0.7,1
239,5,796715.073,2305499.483,Intake K-22b from Kualani Stream,K-22b,3,MinorDiversion,0.5,0.5,0.3,0.6,1,1,0.3,1,0.7,1
240,5,796573.921,2305522.489,Intake K-22c from Kualani Stream,K-22c,3,MinorDiversion,0.5,0.5,0.3,0.6,1,1,0.3,1,0.7,1
241,5,796442.4267,2305441.06,Intake K-22d from Kualani Stream,K-22d,3,MinorDiversion,0.5,0.5,0.3,0.6,1,1,0.3,1,0.7,1
242,5,796363.602,2305395.152,Intake K-22e from Kualani Stream,K-22e,3,MinorDiversion,0.5,0.5,0.3,0.6,1,1,0.3,1,0.7,1
243,5,796265.2553,2305382.192,Intake K-22f from Kualani Stream,K-22f,3,MinorDiversion,0.5,0.5,0.3,0.6,1,1,0.3,1,0.7,1
244,5,794314.8349,2306539.681,Intake S-1a from Nuaailua Stream,S-1a,8,MinorDiversion,0.5,0.5,0.3,0.6,1,1,0.3,1,0.7,1
245,5,794123.0645,2306472.371,Intake S-1b from Nuaailua Stream,S-1b,8,MinorDiversion,0.5,0.5,0.3,0.6,1,1,0.3,1,0.7,1
246,5,793876.2607,2306360.611,Intake S-1c from Nuaailua Stream,S-1c,8,MinorDiversion,0.5,0.5,0.3,0.6,1,1,0.3,1,0.7,1
247,5,793684.4903,2306287.374,Intake S-1d from Nuaailua Stream,S-1d,8,MinorDiversion,0.5,0.5,0.3,0.6,1,1,0.3,1,0.7,1
248,5,793340.9329,2306152.203,Intake S-2a from Honomanu Stream,S-2a,8,MinorDiversion,0.5,0.5,0.3,0.6,1,1,0.3,1,0.7,1
249,5,793060.2531,2306566.944,Intake S-5a from Honomanu Stream,S-5a,8,MinorDiversion,0.5,0.5,0.3,0.6,1,1,0.3,1,0.7,1
250,5,792857.011,2307000.389,Intake S-7a from Kolea Stream,S-7a,8,MinorDiversion,0.5,0.5,0.3,0.6,1,1,0.3,1,0.7,1
251,5,792833.0539,2307207.1,Intake S-7b from Kolea Stream,S-7b,8,MinorDiversion,0.5,0.5,0.3,0.6,1,1,0.3,1,0.7,1
252,5,792841.229,2307255.691,Intake S-7c from Kolea Stream,S-7c,8,MinorDiversion,0.5,0.5,0.3,0.6,1,1,0.3,1,0.7,1
253,5,792643.8339,2308657.013,Intake S-9a from Puohokamoa Stream,S-9a,8,MinorDiversion,0.5,0.5,0.3,0.6,1,1,0.3,1,0.7,1
254,5,792545.857,2308829.142,Intake S-9b from Puohokamoa Stream,S-9b,8,MinorDiversion,0.5,0.5,0.3,0.6,1,1,0.3,1,0.7,1
255,5,792546.5261,2308927.793,Intake S-9c from Puohokamoa Stream,S-9c,8,MinorDiversion,0.5,0.5,0.3,0.6,1,1,0.3,1,0.7,1
256,5,792547.7564,2309039.314,Intake S-9d from Puohokamoa Stream,S-9d,8,MinorDiversion,0.5,0.5,0.3,0.6,1,1,0.3,1,0.7,1
257,5,792334.1797,2309289.778,Intake S-9e from Puohokamoa Stream,S-9e,8,MinorDiversion,0.5,0.5,0.3,0.6,1,1,0.3,1,0.7,1
258,5,792125.1572,2309210.005,Intake S-9f from Puohokamoa Stream,S-9f,8,MinorDiversion,0.5,0.5,0.3,0.6,1,1,0.3,1,0.7,1
259,5,788254.1242,2311426.527,Intake W-17c from Hoalua Stream,W-17c,9,MinorDiversion,0.5,0.5,0.3,0.6,1,1,0.3,1,0.7,1
260,5,788276.5347,2311447.337,Intake NH-16c from Hoalua Stream,NH-16c,7,MinorDiversion,0.5,0.5,0.3,0.6,1,1,0.3,1,0.7,1
261,5,788283.109,2311696.254,Intake NH-16d from Hoalua Stream,NH-16d,7,MinorDiversion,0.5,0.5,0.3,0.6,1,1,0.3,1,0.7,1
262,5,788682.2556,2311468.642,Intake NH-16a from Hoalua Stream,NH-16a,7,MinorDiversion,0.5,0.5,0.3,0.6,1,1,0.3,1,0.7,1
263,5,788624.5763,2311453.032,Intake NH-16b from Hoalua Stream,NH-16b,7,MinorDiversion,0.5,0.5,0.3,0.6,1,1,0.3,1,0.7,1
264,5,787873.9041,2312060.129,Intake NH-17a from Hoalua Stream,NH-17a,7,MinorDiversion,0.5,0.5,0.3,0.6,1,1,0.3,1,0.7,1
265,5,787673.3671,2312141.304,Intake NH-18a from Hoalua Stream,NH-18a,7,MinorDiversion,0.5,0.5,0.3,0.6,1,1,0.3,1,0.7,1
266,5,787275.6825,2311958.875,Intake W-18a from Hanehoi Stream,W-18a,9,MinorDiversion,0.5,0.5,0.3,0.6,1,1,0.3,1,0.7,1
267,5,786464.1335,2311915.462,Intake NH-20 from West Hoolawa-Nui Stream,NH-20,7,MinorDiversion,0.5,0.5,0.3,0.6,1,1,0.3,1,0.7,1
268,5,786744.2901,2311979.112,Intake NH-19a from Hoolawa-Nui Stream,NH-19a,7,MinorDiversion,0.5,0.5,0.3,0.6,1,1,0.3,1,0.7,1
269,5,786174.244,2311920.73,Intake W-22a from Honopou Stream,W-22a,9,MinorDiversion,0.5,0.5,0.3,0.6,1,1,0.3,1,0.7,1
270,5,785334.2179,2312077.754,Intake NH-24a from Piiloi Stream,NH-24a,7,MinorDiversion,0.5,0.5,0.3,0.6,1,1,0.3,1,0.7,1
271,5,783392.0113,2312476.48,Intake NH-28e from Halehaku Stream,NH-28e,7,MinorDiversion,0.5,0.5,0.3,0.6,1,1,0.3,1,0.7,1
272,5,783433.5956,2312105.24,Intake NH-28d from Halehaku Stream,NH-28d,7,MinorDiversion,0.5,0.5,0.3,0.6,1,1,0.3,1,0.7,1
273,5,784364.7044,2311758.764,Intake NH-28a from Halehaku Stream,NH-28a,7,MinorDiversion,0.5,0.5,0.3,0.6,1,1,0.3,1,0.7,1
274,5,784104.7248,2311823.392,Intake NH-28b from Halehaku Stream,NH-28b,7,MinorDiversion,0.5,0.5,0.3,0.6,1,1,0.3,1,0.7,1
275,5,783854.7928,2311377.734,Intake NH-28c from Halehaku Stream,NH-28c,7,MinorDiversion,0.5,0.5,0.3,0.6,1,1,0.3,1,0.7,1
276,5,783553.9588,2312359.482,Intake KH-3a from Opana Stream,KH-3a,4,MinorDiversion,0.5,0.5,0.3,0.6,1,1,0.3,1,0.7,1
277,5,780374.3424,2312690.982,Intake KH-7a from West Kuiaha Stream,KH-7a,4,MinorDiversion,0.5,0.5,0.3,0.6,1,1,0.3,1,0.7,1
278,5,793244.5666,2308137.618,Intake K-32b at Kolea Stream,K-32b,3,MinorDiversion,0.5,0.5,0.3,0.6,1,1,0.3,1,0.7,1
279,5,792894.956,2308279.585,Intake K-32d at Kolea Stream,K-32d,3,MinorDiversion,0.5,0.5,0.3,0.6,1,1,0.3,1,0.7,1
280,5,793217.9668,2308177.563,Intake K-32c at Kolea Stream,K-32c,3,MinorDiversion,0.5,0.5,0.3,0.6,1,1,0.3,1,0.7,1
281,5,793273.0626,2307463.29,Intake K-32a at Kolea Stream,K-32a,3,MinorDiversion,0.5,0.5,0.3,0.6,1,1,0.3,1,0.7,1
282,5,791205.0082,2309754.477,Intake NH-4a from Makanali Stream,NH-4a,7,MinorDiversion,0.5,0.5,0.3,0.6,1,1,0.3,1,0.7,1
283,5,793660.3415,2309006.043,Intake ML-2a from Haipuaena Stream,ML-2a,6,MinorDiversion,0.5,0.5,0.3,0.6,1,1,0.3,1,0.7,1
284,5,793725.0002,2308908.483,Intake ML-1b from Punaluu Stream,ML-1b,6,MinorDiversion,0.5,0.5,0.3,0.6,1,1,0.3,1,0.7,1
285,5,793626.2346,2308685.931,Intake ML-1a from Punaluu Stream,ML-1a,6,MinorDiversion,0.5,0.5,0.3,0.6,1,1,0.3,1,0.7,1
286,5,792694.5849,2309930.135,Intake ML-5b from Waihanepee Stream,ML-5b,6,MinorDiversion,0.5,0.5,0.3,0.6,1,1,0.3,1,0.7,1
287,5,792823.5936,2309926.712,Intake ML-5a from Waihanepee Stream,ML-5a,6,MinorDiversion,0.5,0.5,0.3,0.6,1,1,0.3,1,0.7,1
288,5,792925.8243,2309705.745,Intake ML-4a from West Puohokamoa Stream,ML-4a,6,MinorDiversion,0.5,0.5,0.3,0.6,1,1,0.3,1,0.7,1
289,5,792641.1257,2310117.108,Intake ML-5f from Waihanepee Stream,ML-5f,6,MinorDiversion,0.5,0.5,0.3,0.6,1,1,0.3,1,0.7,1
290,5,792313.1568,2310767.197,Intake C-3a from Kolea Stream,C-3a,1,MinorDiversion,0.5,0.5,0.3,0.6,1,1,0.3,1,0.7,1
291,5,791075.5555,2311528.809,Intake C-8a from West Oopuola Stream,C-8a,1,MinorDiversion,0.5,0.5,0.3,0.6,1,1,0.3,1,0.7,1
292,5,790837.2369,2311847.976,Intake C-9a from Puehu Stream,C-9a,1,MinorDiversion,0.5,0.5,0.3,0.6,1,1,0.3,1,0.7,1
293,5,791443.441,2310736.056,Intake S-12a from Makanali Stream,S-12a,8,MinorDiversion,0.5,0.5,0.3,0.6,1,1,0.3,1,0.7,1
294,5,790913.2387,2311044.916,Intake S-14a from West Oopuola Stream,S-14a,8,MinorDiversion,0.5,0.5,0.3,0.6,1,1,0.3,1,0.7,1
295,5,785543.755,2315895.81,Intake H-9b from Kapalaalaea Stream,H-9b,2,MinorDiversion,0.5,0.5,0.3,0.6,1,1,0.3,1,0.7,1
296,5,788614.4143,2313285.886,Intake L-5c from Hanehoi Stream,L-5c,5,MinorDiversion,0.5,0.5,0.3,0.6,1,1,0.3,1,0.7,1
297,5,788710.5214,2313206.486,Intake L-5b from Hanehoi Stream,L-5b,5,MinorDiversion,0.5,0.5,0.3,0.6,1,1,0.3,1,0.7,1
298,5,788231.7791,2313482.118,Intake L-7a from Hanehoi Stream,L-7a,5,MinorDiversion,0.5,0.5,0.3,0.6,1,1,0.3,1,0.7,1
299,5,788199.7455,2313548.301,Intake L-7b from Hanehoi Stream,L-7b,5,MinorDiversion,0.5,0.5,0.3,0.6,1,1,0.3,1,0.7,1
300,5,786595.3659,2314297.921,Intake L-14a from West Hoolawa-Nui Stream,L-14a,5,MinorDiversion,0.5,0.5,0.3,0.6,1,1,0.3,1,0.7,1
301,5,785338.0791,2314907.375,Intake L-19a from Kapalaalea Stream,L-19a,5,MinorDiversion,0.5,0.5,0.3,0.6,1,1,0.3,1,0.7,1
302,5,784894.3017,2314700.224,Intake L-20a from East Halehaku Stream,L-20a,5,MinorDiversion,0.5,0.5,0.3,0.6,1,1,0.3,1,0.7,1
303,5,784164.4272,2314697.661,Intake L-22 from Opana Stream,L-22,5,MinorDiversion,0.5,0.5,0.3,0.6,1,1,0.3,1,0.7,1
304,5,782324.1645,2315686.989,Intake L-24a from Manawaiiao Stream,L-24a,5,MinorDiversion,0.5,0.5,0.3,0.6,1,1,0.3,1,0.7,1
305,5,782133.3232,2315787.473,Intake L-24b from Manawaiiao Stream,L-24b,5,MinorDiversion,0.5,0.5,0.3,0.6,1,1,0.3,1,0.7,1
306,5,781852.8602,2315578.373,Intake L-24c from Manawaiiao Stream,L-24c,5,MinorDiversion,0.5,0.5,0.3,0.6,1,1,0.3,1,0.7,1
307,5,779846.0375,2315245.978,Intake L-25b from Kaupakulua Stream,L-25b,5,MinorDiversion,0.5,0.5,0.3,0.6,1,1,0.3,1,0.7,1
308,5,780945.523,2315193.954,Intake L-25a from Kaupakulua Stream,L-25a,5,MinorDiversion,0.5,0.5,0.3,0.6,1,1,0.3,1,0.7,1
